0,13.568
0,0
3.064,13.568
13.146,7.6108
13.146,13.568
13.146,2.0954
13.146,7.6108
0,2.0954
0,13.568
0,3.064
0,3.064
9.7178,0
13.146,13.568
4.9969,13.568
14.872,0
4.5554,0
4.5554,0
4.5554,13.568
0,13.146
0,0
0,0
0,0
9.7178,14.872
2.0954,13.568
4.0241,3.3716
7.2879,6.9562
13.146,13.568
13.146,0
9.7178,0
9.7178,2.0954
3.7971,0.9748
2.0954,0.9748
11.067,3.7971
4.2062,11.656
3.7971,0
3.7971,11.656
11.067,0.9748
11.067,0.9748
11.067,3.7971
11.067,0.9748
9.5839,0.9748
9.5839,11.067
9.5839,11.067
9.5839,0.9748
3.7971,11.067
9.5839,0.9748
3.7971,11.656
0.9748,0.9748
9.5839,11.067
11.067,11.656
0.9748,0.9748
7.6378,11.656
7.6378,0.9748
7.6378,11.656
7.6378,11.067
8.8581,0.9748
5.2066,0.9748
5.2066,0.9748
5.2066,11.067
5.2066,11.067
6.663,8.6914
6.663,3.6698
6.663,3.6698
0,8.6914
3.6698,10.735
3.6698,10.735
3.6698,10.735
0,3.6698
6.663,3.064
3.6698,3.064
6.663,3.6698
4.2318,3.6698
6.663,0.9748
3.6698,0
0.9748,0
3.6698,0
3.6698,10.092
4.2318,10.092
10.092,0
10.092,10.092
3.6698,10.735
10.735,10.092
6.663,3.6698
6.663,10.735
4.2318,0.9748
4.2318,10.092
4.2318,3.064
0,10.735
4.2318,3.064
4.2318,3.6698
5.6997,5.6997
0,0.96333
0.9748,4.0241
0.9748,3.7941
0.9748,0.96333
6.9213,5.6997
3.2684,3.7941
5.6997,0.96333
5.6997,9.1287
5.6997,9.1287
0,9.1287
1.9381,1.9381
1.9381,0.96333
0.96333,11.656
1.9381,9.8344
3.2684,4.0241
1.9381,9.8344
1.9381,9.8344
1.9381,9.8344
1.9381,9.8344
1.9381,9.8344
5.6997,3.7941
6.9213,3.7941
1.9381,9.8344
3.2684,5.4309
1.9381,0.96333
0,4.0241
3.2684,3.7941
6.9213,4.0241
5.7943,9.8344
8.1539,8.1539
0,8.937
3.5093,8.1539
0,4.9969
3.5093,1.9381
5.9474,8.1539
3.5093,3.8281
3.5093,1.9381
0,8.937
3.5093,1.9381
0,1.9381
0.9748,1.9381
3.5093,4.1502
3.5093,4.7249
3.5093,2.2936
3.5093,1.9381
3.5093,0
3.5093,8.937
5.9474,8.937
3.5093,8.937
5.9474,8.1539
5.9474,8.937
5.9474,4.9969
3.5093,4.9969
5.9474,2.2936
0,8.937
3.5093,1.9381
3.5093,1.9381
5.9474,8.937
5.9474,4.9969
2.0643,7.9555
3.0276,7.9555
2.0643,4.0024
2.0643,3.0276
7.0644,4.0024
7.0644,6.0849
2.0643,3.0276
2.0643,7.9555
4.8595,6.0828
4.8595,6.0828
4.8595,7.0644
4.8595,3.0276
4.8595,4.0024
2.0643,7.9555
2.0643,6.0828
4.8595,6.0828
4.8595,3.0276
4.8595,1.2042
4.8595,1.2042
4.8595,7.9555
4.8595,6.0828
2.0643,4.0024
2.0643,6.0828
4.8595,3.0276
2.4198,3.0276
4.8595,3.0276
2.4198,3.0276
4.8595,3.0276
4.8595,3.0276
4.8595,7.0644
3.6581,6.9084
3.6581,5.8602
3.6581,6.9084
3.6581,4.2318
3.6581,5.2066
3.6581,6.9084
3.6581,4.2318
2.4313,5.2066
3.6581,5.2066
3.6581,5.2066
3.6581,4.2318
3.6581,5.2066
3.6581,2.2936
3.6581,4.2318
3.6581,5.2066
3.6581,4.2318
3.6581,2.2936
3.6581,0
3.6581,4.2318
3.6581,4.2318
3.6581,4.2318
3.6581,2.4313
3.6581,0
3.6581,6.9084
3.6581,0
3.6581,0
3.6581,6.9084
3.6581,5.8602
3.6581,4.2318
4.4021,4.2318
2.4481,6.5682
2.4481,4.6446
2.4481,4.6446
2.4481,7.3968
2.4481,5.4474
2.4481,5.4474
2.4481,8.5028
2.4481,6.5682
2.4481,5.9124
2.4481,4.6446
2.4481,4.6446
2.4481,3.5093
2.4481,6.5682
2.4481,4.6446
2.4481,1.2156
2.4481,1.2156
2.4481,5.9124
2.4481,5.9124
2.4481,4.6446
2.4481,4.6446
2.4481,4.6446
1.2156,5.9124
2.4481,5.4474
2.4481,5.4474
2.4481,4.6446
1.2156,5.9124
2.4481,4.4021
2.4481,1.2156
2.4481,1.2156
2.4481,5.9124
1.249,6.663
1.249,4.7249
1.249,4.7249
1.249,9.7178
0,7.6378
1.249,2.4313
1.249,2.4313
1.249,6.663
1.249,6.663
1.249,6.663
1.249,5.6997
1.249,5.0141
1.249,3.6354
1.249,2.4313
1.249,2.4313
1.249,9.7178
1.249,6.663
1.249,2.4313
1.249,3.6354
1.249,5.0141
1.249,3.429
1.249,2.4313
1.249,3.8659
1.249,9.7178
1.249,3.8659
1.249,3.8659
1.249,3.8659
1.249,5.0141
1.249,5.0141
1.249,3.8659
0,4.5235
0,7.8839
0,7.8839
0,2.2319
1.249,2.2319
6.9213,3.9565
6.9213,4.5235
4.5235,1.249
1.249,3.9565
1.249,4.5235
1.249,8.8581
0,3.6581
1.249,6.9213
1.249,6.9213
1.249,3.6581
1.249,3.6581
1.249,3.9565
1.249,6.9213
1.249,3.6581
1.249,3.9565
1.249,6.9213
1.249,3.9565
1.249,3.6581
0,3.6581
1.249,3.9565
1.249,4.5235
1.249,7.8839
0,3.9565
1.249,3.9565
1.249,4.5235
0,3.6583
8.1539,3.6583
10.092,3.6583
0,3.6583
0,3.6583
0,3.6583
9.1287,7.2479
0,0
0,3.6583
0,3.6583
0,3.6583
0,3.6583
9.1287,3.6583
13.146,3.6583
0,3.6583
0,3.6583
9.1287,3.6583
8.1539,3.6583
0,4.2856
0,4.2856
0,3.6583
0,4.2856
0,4.2856
8.1539,3.6583
8.1539,3.6583
8.1539,3.6583
0,3.6583
0,3.6583
0,3.6583
0,4.2856
0,13.642
13.143,13.143
13.143,13.143
13.143,13.143
13.143,4.2062
3.0506,13.143
3.0506,13.143
13.143,4.7194
3.0506,13.143
13.143,4.2062
13.143,4.7633
13.143,4.7633
13.143,13.143
13.143,4.7633
13.624,4.7194
13.143,4.7194
13.143,13.143
13.143,13.143
13.143,13.143
13.143,13.143
14.84,13.143
13.143,13.143
13.143,13.143
13.143,13.143
4.7194,13.624
4.2062,13.143
4.7633,13.143
13.143,13.143
13.143,11.87
3.0506,4.7194
6.3699,11.067
4.6854,11.067
6.3699,8.8534
6.3699,3.6698
3.6698,11.067
3.6698,3.6698
3.6698,11.067
6.3699,6.3699
6.3699,3.6698
8.8534,11.067
3.6698,5.2066
3.6698,3.6698
3.6698,3.6698
3.6698,4.6854
6.3699,4.1502
8.8534,3.9691
8.8534,3.6698
3.6698,3.7195
6.3699,5.4302
3.6698,3.9691
6.3699,3.6698
6.3699,11.067
3.6698,11.659
3.6698,3.9691
0,11.067
8.8534,3.6698
8.8534,11.631
3.6698,4.0024
6.3699,11.631
6.3699,3.9691
4.7575,10.708
0.96333,10.092
6.5682,3.5895
6.5682,10.092
6.5682,7.8786
0.9748,4.5554
4.7575,10.708
4.7575,4.5554
4.1502,4.2318
4.7575,7.8786
6.5682,10.092
6.5682,3.0276
6.5682,10.092
6.5682,3.5895
6.5682,10.092
6.5682,10.092
4.1502,10.092
6.5682,3.7971
6.5682,7.8786
4.1502,10.092
6.5682,3.7971
6.5682,10.708
3.6698,10.739
3.6698,10.708
4.7575,4.0794
3.6698,3.0506
3.7941,3.7971
7.6068,10.092
6.5682,3.5895
3.6698,0.96333
4.0139,3.7166
6.9153,9.1287
0.96333,9.1287
4.1502,9.1287
3.7941,9.1287
4.1502,6.9153
3.7941,9.1287
4.1502,9.1287
4.1502,6.9153
4.1502,9.8049
4.1502,9.1287
4.1502,10.391
3.7941,9.8049
3.7941,9.1287
4.1502,6.9153
4.1502,9.1287
3.7941,9.1287
4.1502,6.9153
4.1502,9.8049
3.7941,9.1287
4.1502,9.1287
1.9381,9.1287
0,9.1287
1.9381,9.1287
4.1502,9.1287
1.9381,9.1287
1.9381,6.9153
1.9381,9.1287
1.9381,6.9153
4.2106,9.1287
0.9748,8.1539
4.1502,8.1539
4.0794,4.6854
2.9129,4.6854
2.9129,4.6854
4.6854,8.1539
4.1502,4.6854
0.9748,8.1539
2.9129,10.669
2.9129,4.6854
1.0895,4.6854
4.0794,8.9417
3.8281,8.1539
1.0895,8.1539
4.0794,8.1539
1.0895,6.0276
4.0794,8.1539
1.0895,8.1539
3.8281,8.9417
4.0794,4.6854
2.2936,4.6854
5.9405,4.9887
4.0794,0.9748
10.669,4.6854
4.0794,4.0794
4.0794,4.0794
6.8924,8.1539
4.0794,6.0276
4.0794,4.6854
4.0794,4.6854
3.8281,7.9607
3.8623,3.8281
6.9562,7.0644
0,7.0644
0,0
3.5895,0
3.5895,4.6959
4.329,0
4.6959,7.9189
3.5895,0
0,7.9607
4.329,0
4.329,7.0644
3.5895,6.9562
3.5895,7.0644
4.329,0
4.329,4.6959
4.6959,4.7575
4.6959,7.0644
4.329,7.0644
0,1.2042
0,7.9189
0,3.0276
1.2042,7.9607
0,4.7575
0,5.4302
4.6959,7.0644
0,3.0276
1.2042,6.9562
1.2042,5.4302
3.2684,5.8603
1.2042,5.8603
1.2156,3.6469
0,1.2042
1.2042,1.2042
1.2042,3.6469
6.3699,8.0298
1.2042,1.2042
1.2042,5.8603
6.3699,3.2684
1.2042,1.2042
1.2042,1.2042
1.2042,3.8623
1.2042,1.2042
1.2042,1.2042
1.2042,5.2066
1.2042,3.8623
1.2042,1.2042
1.2042,1.2042
1.2042,6.3699
1.2042,1.2042
1.2042,3.6469
1.2042,6.9145
1.2042,3.6469
1.2042,5.8603
1.2042,5.8603
3.2684,3.6469
5.2066,6.3699
1.2042,0
1.2042,4.4021
4.4841,5.9195
1.2156,4.3958
3.8659,4.3958
0,5.7943
3.8659,5.9195
4.3958,6.5682
3.5093,5.7943
1.2156,5.863
3.5093,4.6446
3.5093,4.6446
4.329,3.8659
4.329,2.4313
7.3968,2.4313
2.4313,3.8659
2.4313,4.6446
5.7943,4.6446
5.7943,4.6446
7.3968,6.5237
5.7943,4.6446
3.8659,4.6446
3.8659,7.3968
5.7943,5.0199
0,2.4313
5.7943,9.1466
4.3958,5.4474
7.3968,9.1466
0,5.863
7.3968,5.9195
3.8659,5.7943
5.7943,3.8659
2.4313,3.429
5.1089,8.4737
10.286,4.4021
10.286,4.4021
10.286,1.2156
10.286,1.2156
10.286,3.429
10.286,4.9559
5.1656,3.429
4.9559,3.429
5.9337,4.4021
7.6378,4.9559
10.286,3.429
4.4021,3.429
10.286,4.9559
5.1656,4.9559
3.429,2.4313
5.9337,5.0225
3.429,10.286
4.9559,10.286
4.9559,3.429
4.9559,3.429
10.286,10.286
2.4313,4.9559
2.4313,4.4021
4.9559,1.2156
10.286,5.9827
5.1656,4.4021
10.286,3.429
10.286,10.286
6.9826,2.2134
1.2156,2.2134
0,2.2134
3.6469,0
5.1737,0
5.1737,0
5.1737,2.2134
5.1737,2.2134
5.1737,2.2134
5.1737,0
5.1737,2.2134
5.1737,2.2134
2.4313,0
1.2156,0
7.8287,0
5.1737,0
5.1737,2.2134
3.6469,0
3.6469,2.2134
7.8287,0
6.9826,0
7.8287,2.2134
6.9826,2.2134
7.8287,0
7.8287,4.2856
6.9826,0
7.8287,4.2856
7.8287,4.2856
3.8659,2.2134
4.2856,2.2134
13.568,10.715
7.9555,0
0,10.715
0,0
3.6583,0
0,0
3.5895,3.5895
3.5895,6.8924
0,0
6.9084,0
0,0
6.9084,0
13.568,0
3.6583,0
13.568,0
13.568,0
0,0
0,0
0,3.5895
3.6583,3.5895
6.9084,3.5895
3.6583,0
0,3.5895
3.5895,3.5895
3.6583,3.5895
13.568,3.5895
0,6.8924
0,6.8924
3.6583,10.715
8.937,0
0,13.551
13.551,3.0506
2.0758,3.0506
3.0506,7.2823
2.0758,3.0506
3.5895,5.9893
4.9887,5.9893
4.9887,3.3028
4.9887,5.9893
3.0506,13.143
4.9887,13.143
3.0506,13.551
3.0506,13.143
6.0781,13.143
3.0506,3.3028
13.143,5.9893
3.0506,13.143
3.0506,0
13.143,3.3028
13.143,3.3028
0,3.0506
13.143,5.9893
0,3.3028
6.9612,3.0506
0,13.143
4.9887,3.0506
4.1366,0
0,0
13.624,5.9893
13.143,3.3028
0.9748,5.2066
3.8295,2.9129
0.9748,0.9748
0,0.9748
0.9748,11.067
3.8295,11.067
2.0758,0
3.8295,4.0024
2.0758,2.0758
2.0758,5.2066
2.0758,11.638
2.0758,11.546
2.0758,0.9748
5.2066,11.067
3.3028,0.9748
7.2751,0.9748
2.0758,11.638
3.8295,11.638
2.0758,5.2066
2.0758,4.0024
3.3028,0
0,2.0758
2.0758,2.9129
11.067,2.0758
6.4222,0
2.0758,2.0758
2.0758,0
3.3028,6.4222
5.2066,0.9748
2.0758,11.638
3.0506,10.715
3.8295,1.9381
3.0276,10.092
3.8295,4.2318
3.8295,3.0276
4.4805,5.4474
3.8295,0.9748
4.4805,10.715
3.8295,0.9748
4.4805,0.9748
3.8295,4.4876
0.9748,4.4876
0,10.092
0,10.092
3.0276,3.8295
5.4474,1.9381
3.0276,7.4367
10.092,3.0506
3.0276,3.0506
0,1.9381
4.2318,10.092
0,3.0506
0,4.2318
3.0276,10.092
3.0276,3.0506
10.092,5.4474
0,10.092
0.9748,3.0506
0.96333,10.092
4.6959,0
4.4841,2.0643
2.0643,6.5875
2.0643,2.0643
2.0643,2.0643
2.0643,4.4841
2.0643,4.4841
2.0643,2.0643
2.0643,1.9381
2.0643,4.4841
2.0643,4.4841
2.0643,4.4841
2.0643,4.4841
2.0643,2.0643
2.0643,0.9748
2.0643,3.2684
2.0643,3.2684
4.1408,1.9381
9.8133,4.4841
2.0643,9.1287
2.0643,1.9381
9.1287,3.2684
2.0643,4.4841
2.0643,2.0643
0.96333,4.4841
4.1408,4.4841
4.1408,4.4841
4.1408,2.0643
2.0643,6.5875
4.1408,4.4841
4.1408,2.0643
8.9136,3.3028
1.0895,2.9129
1.9381,1.9381
3.3028,8.7931
1.9381,1.9381
8.9136,6.9408
1.9381,8.9136
3.3028,3.3028
3.3028,1.9381
8.9136,8.9136
8.9136,1.9381
8.9136,8.9136
3.3028,3.3028
1.9381,8.9136
8.9136,2.9129
3.7195,3.3028
3.3028,3.3028
8.9136,6.9408
1.9381,1.9381
3.3028,1.9381
8.9136,1.9381
1.9381,8.9136
1.9381,2.9129
1.9381,1.0895
1.9381,3.4779
1.9381,1.9381
3.3028,1.0895
1.9381,1.9381
3.3028,3.3028
3.5093,0
4.851,5.8687
4.9117,4.0024
4.9117,4.0024
1.2042,4.0024
2.4198,7.0644
4.9117,2.4198
2.4198,1.0895
4.9117,1.0895
4.9117,1.0895
4.9117,7.9292
2.4198,6.9121
4.9117,1.0895
1.2042,1.0895
4.9117,1.0895
5.8687,7.9292
4.9117,1.0895
1.2042,1.0895
1.2042,1.0895
4.9117,1.0895
2.4198,1.0895
4.9117,1.0895
4.9117,7.0644
4.9117,1.0895
4.9117,7.9292
4.9117,1.0895
2.4198,7.9292
2.4198,7.0644
1.2042,7.9292
1.2042,0
2.4198,1.0895
4.1012,5.8603
1.2156,5.8603
1.2156,1.2156
1.2156,5.8603
4.9202,5.8603
1.2156,5.8603
1.2156,5.8603
4.9202,5.8603
0,1.2156
1.2156,1.2156
1.2156,3.3028
1.2156,7.2823
3.5155,3.3028
1.2156,5.2066
0,3.5155
1.2156,3.5155
1.2156,7.2823
1.2156,1.2156
1.2156,7.2823
1.2156,5.2066
1.2156,7.2823
1.2156,7.2823
1.2156,1.2156
0,3.5155
1.2156,5.8603
0,0
1.2156,7.2823
1.2156,5.8603
1.2156,4.1012
1.2156,7.2823
4.8191,4.4841
3.5093,0
2.4198,0
3.5194,4.1012
0,4.4841
0,0
0,3.5093
0,0
3.5194,3.5093
3.5194,0
4.8191,4.6446
3.5194,4.6446
3.5194,3.5093
0,0
0,6.4222
8.4979,3.5093
8.4979,2.4198
3.5194,0
8.4979,4.6446
8.4979,4.6446
0,3.5194
8.4979,0
8.4979,0
1.2156,3.5194
3.5194,4.6446
1.2156,0
5.6926,0
1.2156,0
4.6446,3.5093
5.6926,0
3.6354,4.7249
1.2156,1.2156
3.6354,1.2156
1.2156,3.429
3.6354,1.2156
3.6354,1.2156
3.6354,3.429
3.3028,3.429
3.6354,3.429
3.3028,1.2156
1.2156,1.2156
1.2156,3.429
3.6354,4.7249
3.6354,1.2156
1.2156,3.429
1.2156,1.2156
3.6354,3.429
1.2156,1.2156
1.2156,1.2156
1.2156,1.2156
3.6354,1.2156
1.2156,4.7249
3.6354,1.2156
3.6354,3.429
3.3028,3.429
3.3028,1.2156
1.2156,3.429
3.6354,1.2156
1.2156,3.429
1.2156,3.429
4.851,10.929
1.2156,2.2134
4.851,2.2134
2.4313,2.2134
2.4313,3.5194
3.5194,2.4313
4.851,2.4313
1.2156,3.5194
3.5194,11.039
2.4313,2.2134
1.2156,2.4313
4.851,11.039
2.4313,2.4313
4.851,2.2134
4.851,2.4313
4.851,10.929
4.851,5.8687
5.9405,2.4313
0,2.4313
4.851,2.2134
2.2134,2.2134
2.4313,2.4313
2.4313,4.2268
4.851,4.2268
1.2156,2.4313
3.5194,5.9405
4.851,2.2134
3.5194,1.2156
2.4313,2.2134
2.4313,2.4313
0,10.092
14.872,4.2073
0,3.5895
0,10.092
0,3.5895
0,3.5895
0,3.5895
10.092,3.5895
0,3.5895
0,3.5895
0,3.5895
10.092,0
0,10.092
0,3.5895
0,10.092
0,3.5895
0,3.5895
12.888,10.092
0,13.229
0,3.5895
13.143,3.5895
0,10.092
0,7.2479
0,3.5895
3.3028,3.5895
0,3.5895
0,3.5895
0,10.092
0,0
12.888,3.5895
14.84,0
2.0758,0
3.3028,4.9887
3.3028,13.143
4.0139,0
4.4876,0
4.9887,0
3.3028,0
13.143,0
2.0758,0
4.0139,4.9887
4.0139,0
4.0139,4.9887
3.3028,0
4.0139,0
4.0139,0
4.0139,0
2.0758,0
2.0758,4.9887
4.0139,13.551
4.0139,0
2.0758,0
3.3028,13.551
13.551,4.4876
2.0758,3.0506
5.1981,0
5.1981,3.3028
0,4.9887
4.9887,3.3028
13.143,13.143
2.0758,0
2.0758,5.1819
2.0758,4.0024
2.9129,0.9748
2.0758,0.9748
2.0758,0.9748
7.6378,11.067
2.0758,11.067
7.6378,0.9748
7.6378,11.067
2.0758,0.9748
2.0758,0
7.6378,0
7.6378,3.4437
2.0758,11.067
7.6378,3.4437
2.0758,2.9129
7.6378,2.9129
0.9748,2.9129
7.6378,2.0758
3.9107,11.067
2.9129,3.8912
1.9381,2.9129
11.295,0.9748
3.9107,1.9381
0,2.9129
3.9107,11.067
3.9107,11.067
3.9107,2.9129
3.9107,2.9129
0.9748,10.092
4.5045,3.4327
4.5045,4.4721
4.5045,3.4327
4.5045,10.622
4.5045,10.622
4.5045,10.622
0,10.622
7.8786,3.3028
4.5045,10.622
7.8786,10.092
7.8786,3.0506
7.8786,1.9381
7.8786,4.4721
7.8786,3.0506
7.8786,10.622
4.5045,4.4876
7.8786,3.0506
7.8786,4.4721
7.8786,1.9381
10.092,3.0506
4.5045,3.0506
4.5045,3.0506
7.8786,3.0506
4.5045,3.0506
7.8786,3.0506
4.5045,3.0506
3.4437,3.0506
3.4327,3.0506
6.5827,3.0506
0.9748,9.1287
4.0139,9.1287
3.8949,2.0643
3.8949,11.445
5.6997,9.1287
5.6997,5.1908
5.6997,9.7117
5.6997,9.1287
5.6997,0.96333
3.8949,0.9748
5.6997,9.1287
5.5692,9.1287
5.6997,9.7117
5.6997,9.1287
5.6997,9.1287
0,9.1287
5.6997,0.96333
5.6997,9.1287
5.2054,9.1287
5.6997,9.7117
0.96333,3.8196
5.6997,9.1287
5.6997,9.1287
0,5.1908
5.6997,5.1908
0.96333,9.1287
0.96333,3.8196
5.6997,9.1287
6.9153,0.96333
0.96333,5.2054
4.7249,5.9766
1.9381,8.1539
1.9381,3.467
1.9381,8.1539
1.9381,4.9887
1.9381,1.9381
4.7249,4.3952
3.5093,5.9766
4.9887,4.9887
3.5093,5.9405
3.5093,5.9405
3.5093,1.9381
3.5093,4.3952
3.5093,5.9405
1.9381,1.0895
1.9381,4.9887
0,1.9381
1.9381,1.9381
1.9381,8.1539
1.9381,1.9381
1.9381,5.9766
1.9381,6.8621
1.9381,5.9405
1.9381,8.1539
1.9381,4.9887
1.9381,4.3952
1.9381,4.3952
1.9381,1.9381
1.9381,3.467
1.9381,3.467
6.0781,0
4.0024,1.0895
6.0781,0
3.0276,7.0644
6.0781,5.1819
3.0276,4.4805
6.0781,1.0895
7.0644,7.0644
6.0781,7.0644
3.0276,1.0895
3.0276,0
3.0276,6.0781
3.0276,4.851
3.0276,6.923
3.0276,0
6.0781,6.0781
6.0781,3.5155
6.0781,7.0644
1.0895,6.923
6.0781,7.0644
7.0644,7.0644
6.0781,3.0276
7.0644,5.1819
7.0644,7.0644
6.0781,6.923
3.0276,6.0781
3.0276,7.0644
7.0644,3.0276
3.0276,6.0781
7.0644,3.8851
2.2936,4.2318
2.2936,5.8603
2.4313,2.2936
2.4313,6.694
2.4313,1.2042
2.4313,7.2823
2.2936,3.6469
2.2936,8.001
2.2936,7.2823
7.2823,6.7325
8.001,6.7325
3.5155,6.694
8.001,2.2936
7.2823,1.2042
7.2823,5.8603
7.2823,5.8603
7.2823,7.2823
3.2684,7.2823
2.4313,2.2936
2.4313,7.2823
3.5194,8.001
7.2823,7.2823
4.0211,5.8603
7.2823,2.2936
4.2318,2.2936
4.2318,7.2823
7.2823,7.2823
3.5194,8.001
8.001,7.2823
4.2318,7.2823
1.2156,8.4979
0,4.6446
0,3.5093
2.4198,1.2156
7.2165,8.4979
1.2156,8.4979
2.4313,7.2165
0,1.2156
0,9.1214
0,1.2156
0,0
0,8.4979
0,9.1214
0,3.5093
0,2.4198
0,3.5194
8.4979,2.4313
1.2156,2.4313
8.4979,4.6446
8.4979,9.1214
1.2156,4.6446
4.4841,2.4313
8.4979,2.4313
2.4313,2.4313
2.4313,4.6446
8.4979,4.6446
9.1214,9.1214
2.4313,9.1214
2.4313,2.4313
1.2156,2.4313
0,9.7136
0,10.263
0,4.7249
0,3.6354
1.2156,3.5194
0,4.7689
3.6354,10.263
0,4.7249
9.7136,9.7136
1.2156,10.263
0,0
0,10.263
1.2156,10.263
1.2156,9.7136
1.2156,4.7249
1.2156,9.7136
0,9.7136
9.7136,9.7136
1.2156,3.6354
1.2156,0
9.7136,9.7136
9.7136,3.6354
1.2156,9.7136
1.2156,9.7136
0,3.6354
0,3.429
0,1.2156
1.2156,3.6354
9.7136,1.2156
1.2156,3.429
0,4.851
7.8786,4.092
10.929,2.2134
4.9202,0
4.9202,3.6469
5.8687,10.929
4.9202,5.8622
9.4454,2.2134
0,1.2156
0,2.2134
4.1012,8.8534
4.1012,2.2134
1.2156,4.851
2.2134,3.9664
4.9202,5.9405
5.9405,3.6469
4.851,11.421
0,10.929
7.8786,4.851
5.8622,9.4454
2.2134,11.421
4.9202,11.421
2.2134,11.421
2.2134,0
10.929,0
2.2134,10.929
2.2134,3.9854
2.2134,5.8622
2.2134,4.851
2.2134,5.8622
3.3028,14.709
0,0
0,0
10.092,13.551
10.092,7.7984
10.092,3.3028
10.092,13.551
10.092,7.0644
10.092,13.551
10.092,13.551
10.092,13.551
10.092,0
10.092,11.549
5.6926,10.615
2.2134,13.551
2.2134,13.551
13.551,3.429
13.551,0
3.3028,8.1539
3.3028,13.143
5.6926,8.1539
3.3028,11.067
13.551,13.551
10.092,7.0644
2.2134,3.3028
2.2134,8.1539
2.2134,0
13.551,13.551
2.2134,6.7213
2.2134,0
0,0
0,0
0,0
0,3.3028
3.0505,13.551
0,3.3028
0,3.3028
3.3028,0
0,13.551
3.3028,3.3028
0,0
0,9.1131
14.709,0
0,3.3028
3.0505,0
3.0505,5.9766
0,3.3028
0,0
3.0505,3.3028
3.3028,13.551
0,3.3028
5.9766,0
2.0757,0
0,3.3028
2.0757,13.143
5.1908,3.3028
14.709,3.3028
0,0
0,0
3.0505,0
5.2066,3.901
2.9129,3.2914
2.9129,3.901
2.9129,2.0757
2.0757,3.4327
4.0024,3.901
2.0757,7.2165
3.901,3.4327
3.4327,4.3952
3.901,3.901
3.4327,11.549
1.9381,24
3.901,3.901
3.901,11.549
3.901,10.112
3.2914,2.0757
3.901,2.0757
0,2.0757
3.901,2.0757
3.901,2.0757
4.0024,4.3952
3.4327,2.0757
3.901,2.0757
3.4327,2.0757
4.0024,2.0757
3.901,3.901
3.901,3.901
3.901,3.901
3.4327,3.901
3.901,2.0757
10.092,0
3.0505,0
3.0505,3.8196
10.092,3.2914
10.092,0
10.092,10.092
0,4.4961
10.092,4.4961
3.0276,3.0505
3.0276,4.4961
3.0505,4.4961
10.092,4.4961
10.092,10.619
3.0505,4.4961
10.092,4.4961
3.0505,4.4961
10.092,10.092
0,3.0276
10.092,10.619
10.092,10.619
10.092,4.4961
10.092,10.619
0,10.619
10.092,3.8196
3.0505,0
10.092,5.3611
3.0276,4.4961
10.092,10.619
0,0
10.619,10.619
7.6586,9.1287
3.4327,1.9381
4.6385,11.268
3.4327,5.1981
4.0139,5.1981
4.0139,9.1287
4.0139,5.1981
4.0139,4.0139
0.9748,9.7078
9.1287,9.7078
9.1287,23.17
3.4327,5.1981
2.0643,4.0139
3.4327,1.9381
4.0139,9.7078
2.0643,5.1981
3.4327,5.1981
4.0139,1.9381
9.1287,0.96333
4.0139,9.1287
4.6385,5.1981
7.6586,9.1287
4.0139,5.1981
3.4294,5.1981
5.1981,5.1981
1.9381,0.96333
4.0139,9.1287
4.0139,4.0139
4.0139,9.7078
4.0139,5.5624
0.9748,3.8196
8.7974,3.4327
3.2914,4.8112
3.2914,8.1539
3.2914,5.9829
3.2914,8.1539
3.4327,4.9887
3.4327,8.1539
3.2914,8.7974
4.0117,4.9887
4.0117,5.9829
3.467,8.7974
3.2914,22.804
3.2914,5.9829
3.467,8.7974
3.467,1.0895
3.2914,0
4.0117,4.8112
3.2914,8.7974
4.0117,4.3952
4.0117,8.1539
4.0117,8.7974
1.9381,5.9829
4.0117,8.7974
1.9381,5.9829
3.2914,4.8112
8.1539,6.6836
8.1539,5.9829
3.2914,5.9829
3.467,4.8112
4.851,6.9175
0,4.851
2.0643,5.8622
4.851,6.0781
2.4198,7.7984
4.851,7.0644
4.851,7.7984
2.0643,6.0781
2.0643,6.9175
2.0643,6.9175
0,7.0644
2.0643,22.438
4.851,5.1819
2.4198,4.4721
7.0644,7.7984
7.0644,7.0644
2.0643,6.9175
7.0644,7.0644
7.0644,7.7984
2.4198,7.7984
1.0895,4.4721
2.0643,7.0644
1.0895,7.7984
1.0895,4.0852
1.0895,7.0644
1.0895,2.4198
2.0643,7.0644
2.0643,2.0643
2.0643,7.0644
2.0643,3.5047
3.2684,5.8602
3.2684,6.7269
1.2042,7.9963
3.6469,22.088
3.6469,22.088
1.2042,7.9963
3.2684,7.9963
1.2042,7.9963
3.2684,7.9963
0,7.9963
3.2684,22.088
2.2936,7.9963
3.2684,3.6469
0,22.088
0,7.9963
3.6469,7.2823
2.2936,1.2042
2.2936,7.9963
2.2936,7.9963
2.2936,6.7269
2.2936,6.7269
2.2936,7.2823
2.2936,7.9963
2.2936,6.7269
2.2936,7.2823
3.2684,6.7269
2.2936,6.7269
3.2684,7.2823
1.2042,7.2823
3.2684,7.2823
6.4222,5.6992
4.4841,4.4841
2.4313,1.2156
4.6446,4.6446
4.4841,4.092
4.6446,2.4313
4.6446,4.6446
2.4313,9.1172
0,4.6446
2.4313,5.6992
4.4841,4.4841
5.4474,4.4841
4.4841,0
4.4841,5.6992
4.4841,2.4313
4.6446,2.4313
4.6446,3.5087
4.4841,3.5087
4.6446,4.6446
4.4841,5.4474
6.3645,4.6446
6.4222,4.6446
4.6446,5.6992
6.4222,9.1172
2.4313,5.6992
8.4979,2.4198
2.4313,3.2914
4.6446,0
4.4841,4.6446
4.6446,5.4474
6.663,7.4316
0,3.5087
7.6378,10.26
5.6997,4.092
7.6378,8.3168
0,9.7135
5.6997,3.5087
5.6997,8.3168
5.6997,1.2156
1.2156,1.2156
5.6997,2.4313
5.6997,3.6354
7.6378,3.429
0,2.4313
7.6378,1.2156
7.6378,4.092
7.6378,1.2156
7.6378,1.2156
7.6378,1.2156
7.6378,0
7.6378,1.2156
7.6378,5.6997
7.6378,3.5087
7.6378,8.3168
7.6378,3.6354
5.6997,3.429
7.4316,4.761
5.6997,3.5087
0,3.429
5.6997,1.2156
4.851,3.2914
2.2134,4.851
9.4454,2.4313
6.9153,2.4313
5.9405,4.851
0,8.8534
4.851,0
5.9405,0
4.851,3.9759
5.9405,8.8534
4.851,6.7914
4.851,3.9759
4.851,11.417
4.851,10.929
5.9405,4.092
5.9405,10.929
3.6469,8.8534
4.851,11.417
4.851,8.8534
5.9405,0
4.851,0
4.851,0
4.851,2.4313
6.9153,4.9125
5.9405,2.4313
10.929,0
5.9405,2.2134
4.851,11.417
10.929,4.851
5.9405,2.4313
8.7931,13.551
8.7931,13.551
10.092,3.3028
8.1539,13.143
11.067,3.3028
11.067,3.3028
10.092,3.3028
9.7039,3.3028
9.7039,0
10.092,8.7931
10.092,3.3028
11.067,13.551
9.7039,13.143
9.7039,3.3028
10.092,3.3028
10.092,8.7931
9.7039,3.3028
10.092,3.3028
13.551,3.3028
10.092,3.3028
9.7039,13.551
13.551,3.3028
8.7931,13.143
3.3028,3.3028
6.7213,0
10.092,3.9664
10.092,7.0644
9.7039,7.0644
10.092,7.0644
9.7039,13.143
0,3.3028
3.0506,0
0,3.3028
17.994,4.4961
4.0139,3.3028
6.0781,3.3028
2.0758,3.3028
4.0139,0
4.0139,0
4.0139,3.3028
3.3028,0
3.3028,0
3.3028,0
4.0139,0
4.0139,0
4.0139,0
4.0139,0
3.3028,3.3028
4.0139,16.459
4.9887,0
4.9887,16.459
3.0506,16.459
0,0
3.3028,0
0,4.4876
0,9.9085
3.0506,3.3028
3.0506,0
0,0
0,3.3028
2.0758,3.8912
1.9381,3.8912
3.8912,2.0758
0.9748,3.8912
3.8912,2.0758
3.8912,11.546
3.8912,2.0758
10.112,2.0758
3.8912,3.8912
10.112,2.0758
10.112,2.0758
10.112,2.0758
10.112,3.8912
10.112,2.0758
17.173,3.8912
10.112,2.0758
3.8912,12.882
10.112,2.0758
10.112,11.546
10.112,2.0758
10.112,3.8912
10.112,3.8912
10.112,12.882
10.112,2.0758
14.847,2.0758
14.847,3.8912
10.112,3.8912
10.112,2.0758
10.112,2.0758
3.8912,2.0758
3.0506,4.4876
3.0506,4.4876
3.0506,6.663
3.0506,10.615
4.2318,4.4876
4.2318,3.0506
4.2318,4.4876
3.0506,10.615
3.0506,3.0506
3.0506,1.9381
4.2318,4.2318
3.0506,3.0506
3.0506,3.0506
0,3.0506
0,5.4474
0,10.622
0,10.615
4.2318,1.9381
0,5.4474
0,10.615
4.2318,1.9381
0,1.9381
0,1.9381
3.0506,1.9381
4.2318,10.615
4.2318,1.9381
3.4405,10.615
3.8295,1.9381
3.0506,1.9381
4.2318,3.0506
0.96333,0.9748
4.0139,3.2684
4.0139,4.0139
0.96333,4.0139
3.2684,0.9748
4.0139,9.7039
0.9748,1.9381
3.2684,0.9748
4.0139,0.9748
2.0643,4.4841
2.0643,3.2684
3.2684,5.1908
3.2684,3.2684
2.0643,3.2684
2.0643,2.0643
3.2684,5.1908
1.9381,4.0139
3.2684,4.0139
3.2684,4.0139
3.2684,0.96333
2.0643,4.0139
3.2684,4.0139
3.2684,9.7039
3.2684,4.0139
3.2684,4.0139
5.6997,4.0139
4.0139,4.0139
0.96333,4.0139
3.2684,5.1908
3.2684,4.4841
0,1.9381
5.9405,1.9381
4.7249,1.9381
4.7249,8.2778
0,3.4779
5.9405,1.9381
0,0
0,0
0,1.9381
0,1.9381
0,3.4779
0,1.9381
0,1.9381
0,2.9129
0,19.765
0,4.9887
4.7249,3.8196
4.7249,4.9887
0,4.9887
5.9405,4.9887
5.9405,4.9887
0,2.9129
0,5.9766
0,4.9887
0,3.8196
0,4.9887
0,3.5093
0,2.2936
0,1.0895
0,1.9381
1.2042,19.341
1.2042,6.0781
1.0895,2.4198
1.2042,2.4198
3.8949,6.0781
6.0781,1.0895
3.0276,1.0895
3.0276,4.0852
1.2042,2.4198
1.2042,2.4198
4.0024,2.4198
1.2042,2.4198
6.0781,2.4198
1.2042,7.7935
1.2042,6.0781
1.2042,3.0276
6.0781,3.0276
1.2042,6.0781
1.2042,6.0781
1.2042,4.0024
1.2042,3.6354
1.2042,8.9766
6.0781,1.0895
1.2042,6.0781
1.2042,6.0781
1.2042,3.0276
1.2042,6.0781
1.2042,1.2042
1.2042,3.6354
1.2042,3.0276
6.7325,7.2823
7.2823,7.2823
7.2823,0
7.2823,7.2823
7.2823,7.2823
0,2.2936
5.8603,7.2823
5.2066,7.2823
7.2823,1.2156
7.2823,2.2936
7.2823,1.2156
7.2823,7.2823
3.5155,2.2936
3.5155,6.7213
18.935,0
7.2823,1.2042
7.2823,2.2936
7.2823,7.2823
7.2823,6.7213
7.2823,6.7213
7.2823,7.2823
9.8319,6.7213
4.2318,6.7213
3.5155,1.2156
0,7.2823
1.2042,5.2066
7.2823,7.2823
2.4313,1.2156
1.2042,7.2823
4.0211,7.2823
1.2156,4.8191
6.4222,0
6.3645,8.4979
0,8.4979
0,5.6926
3.5093,3.5093
6.4222,5.6926
1.2156,8.4979
1.2156,5.6926
2.4198,5.6926
1.2156,0
0,8.4979
0,1.2156
1.2156,0
3.5093,18.594
3.5093,8.4979
3.5093,8.4979
5.6926,1.2156
3.5093,1.2156
5.5624,4.0944
1.2156,4.0944
8.4979,3.5093
3.5093,8.4979
8.4979,8.4979
8.4979,0
3.5093,8.4979
3.5093,0
1.2156,8.4979
8.4979,8.4979
8.4979,8.4979
0,4.7249
3.429,2.4313
3.6354,9.7136
1.2156,1.2156
2.4313,3.5087
4.7689,3.5087
2.4313,1.2156
1.2156,4.7249
3.6354,4.753
11.747,4.753
7.6378,4.7249
5.7648,4.753
11.747,4.753
0,4.753
3.6354,10.256
0,10.256
3.429,9.7136
1.2156,3.5087
3.429,4.753
0,4.753
1.2156,4.753
2.4313,3.6354
3.429,4.753
0,1.2156
1.2156,4.753
1.2156,1.2156
0,4.753
0,4.753
1.2156,1.2156
0,4.092
3.9854,4.092
8.8534,0
1.2156,0
4.851,0
0,4.092
4.851,4.092
0,4.092
0,4.092
5.9405,3.6469
1.2156,0
1.2156,3.9664
5.9405,3.9664
0,0
5.9405,5.9405
0,0
5.9405,4.092
5.9405,4.092
5.9405,5.9405
5.9405,5.9405
0,5.9405
5.9405,0
5.9405,0
5.9405,0
5.9405,0
5.9405,0
10.929,0
5.9405,0
5.9405,4.092
5.9405,0
11.421,3.3028
3.3028,7.7935
11.067,5.8603
7.0644,13.551
7.0644,13.143
13.551,7.0644
7.0644,7.7935
7.0644,3.3028
14.704,9.7078
7.0644,3.3028
7.0644,8.1539
7.0644,6.6057
7.0644,4.753
7.0644,7.7935
7.0644,13.143
7.0644,7.7935
4.6446,3.3028
7.0644,6.6057
3.3028,7.0644
5.8603,7.7984
8.1539,4.6446
7.0644,13.143
7.0644,3.3028
7.0644,13.143
7.0644,7.4325
5.8603,3.3028
7.0644,3.3028
11.067,13.143
7.0644,4.6446
7.0644,4.6446
4.6446,4.5045
3.0506,0
10.256,19.712
4.9887,4.9887
0,9.1214
10.929,6.0781
7.2823,3.3028
4.9887,4.9887
6.0781,3.3028
6.0781,3.3028
0,3.3028
10.256,19.712
6.0781,3.3028
6.0781,3.3028
6.0781,3.3028
10.256,3.3028
7.9916,3.3028
7.2823,3.3028
13.548,3.3028
10.256,3.3028
8.001,3.3028
6.0781,3.3028
13.143,3.3028
4.9887,3.3028
10.929,3.3028
8.4979,19.712
3.2914,3.3028
17.22,3.3028
17.22,14.691
3.8912,13.548
11.414,2.9129
0.9748,3.8912
8.3213,3.8912
8.3213,11.549
9.4494,3.8912
11.549,4.0024
11.549,11.549
8.3213,3.8912
1.9381,3.8912
8.3213,3.8912
8.3213,11.549
0,2.9129
8.8534,4.0024
5.2066,3.4437
8.3213,4.0024
5.2066,4.0024
8.3213,4.0024
2.9129,4.0024
8.3213,11.549
5.2066,11.549
11.549,2.9129
5.1892,11.549
8.3213,2.9129
8.3213,4.0024
8.3213,2.9129
3.8295,2.9129
0,3.8912
9.4494,5.2066
8.3213,3.3028
8.3213,2.0758
8.8534,1.9381
6.3705,3.4405
7.8786,3.0276
7.8786,3.0276
7.4367,6.3705
10.619,4.2318
3.0276,6.663
7.8786,3.0276
3.0276,4.4876
7.8786,7.4367
3.0276,0
3.0276,1.9381
3.0276,10.619
3.0276,1.9381
7.8786,10.619
3.0276,1.9381
4.2318,6.663
4.2318,7.4367
7.8786,7.4367
6.663,4.2318
7.8786,7.4367
7.8786,1.9381
3.4405,17.833
4.4805,7.4367
4.4805,3.0276
4.4805,3.0276
4.4805,7.4367
7.8786,7.4367
7.8786,17.833
7.8786,3.4405
4.4805,0.9748
9.1287,3.8295
6.9153,6.5875
6.9153,9.7078
4.0139,9.7078
0.96333,17.306
0.9748,9.7078
3.2684,5.5692
6.5875,0
6.5875,3.2684
7.6636,0.9748
5.1981,6.5875
5.1981,9.1287
9.7078,0.9748
5.1981,2.0643
9.7078,5.1908
6.5875,9.7078
9.7078,6.5875
9.7078,5.1908
5.1981,4.6467
6.5875,0.9748
6.5875,2.0643
6.5875,0.9748
6.5875,5.5692
6.5875,0.9748
4.6467,5.5692
11.261,5.6997
9.7078,0.9748
11.261,5.6997
6.5875,0.9748
6.5875,1.0895
3.4779,2.9129
3.4779,5.7648
4.7249,5.7648
4.7249,0
4.7249,0
3.4779,0
2.2936,0
3.4779,4.0211
3.4779,5.9766
4.7249,8.7974
4.7249,16.812
3.4779,15.394
3.4779,15.394
2.2936,5.9766
3.4779,15.394
3.4779,8.7974
3.4779,5.7648
4.7249,16.123
4.7249,5.9829
3.4779,5.7648
3.4779,5.7648
3.4779,5.7648
8.7974,1.0895
4.7249,8.7974
4.7249,0
4.7249,8.7974
4.7249,16.123
1.0895,15.394
4.7249,8.7974
1.0895,1.0895
5.1892,0
2.4198,0
2.0643,3.0276
6.0781,2.0643
1.0895,1.0895
4.0024,0
6.0781,0
5.8687,4.0944
1.2042,3.5155
4.851,4.0944
2.4198,0
4.0024,6.9121
3.3028,0
3.3028,1.0895
3.3028,0
4.0024,0
4.0024,4.0944
1.0895,1.0895
1.0895,1.0895
1.0895,4.0944
1.2042,6.9121
2.4198,4.0944
2.4198,6.9121
4.0944,4.0944
3.6354,4.0944
4.0944,4.0944
4.851,4.0944
2.4198,6.9121
2.4198,1.0895
0,6.7269
4.1012,4.6467
4.6467,1.2042
4.1012,2.2936
0,15.827
3.3028,4.1012
3.5155,6.7269
5.2066,4.1012
4.1012,2.2936
4.1012,2.2936
4.1012,4.1012
4.1012,2.2936
4.1012,1.2042
3.5155,2.2936
5.2066,0
5.2066,2.2936
5.2066,2.2936
4.6467,7.9916
3.5155,2.2936
4.1012,1.2042
3.5155,1.2042
4.1012,1.2042
3.5155,4.1012
0,7.9916
2.2936,6.7269
4.1012,2.4313
4.1012,2.2936
3.5155,7.9916
3.5155,2.2936
3.5155,4.1012
3.5155,1.2156
3.5194,1.2156
4.0944,3.5093
1.2156,1.2156
4.0944,1.2156
4.0944,3.3028
4.0944,3.5093
6.4222,3.5093
6.4222,3.3028
6.4222,3.3028
6.4222,1.2156
6.4222,3.5194
3.5194,9.1131
6.4222,5.4474
4.0944,1.2156
4.0944,2.4198
4.0944,1.2156
4.0944,1.2156
3.5194,2.4198
4.0944,1.2156
4.0944,1.2156
4.0944,1.2156
4.0944,9.1131
4.0944,1.2156
4.0944,3.5093
4.0944,15.418
4.0944,2.4198
4.0944,7.2217
4.0944,9.1131
6.4222,2.4198
4.0944,4.1012
1.2156,0
1.2156,1.2156
1.2156,4.9117
1.2156,0
4.9117,3.429
2.4313,3.6354
1.2156,0
1.2156,3.429
1.2156,2.4313
1.2156,3.3028
1.2156,5.6997
1.2156,3.5194
1.2156,3.3028
1.2156,4.7249
1.2156,3.6354
1.2156,3.3028
1.2156,3.6354
1.2156,3.3028
1.2156,5.6997
3.6354,3.6354
1.2156,3.6354
1.2156,3.5194
2.4313,3.6354
1.2156,3.6354
1.2156,3.6354
3.3028,3.6354
1.2156,0
3.6354,3.6354
1.2156,3.6354
1.2156,1.2156
3.6469,3.6469
0,7.8786
8.8534,1.2156
5.9405,14.868
8.8534,7.8786
3.5194,4.851
3.5194,1.2156
7.6636,1.2156
0,1.2156
2.4313,3.5194
0,3.5194
2.4313,3.6469
8.8534,3.9759
0,3.5194
0,4.9202
0,3.6469
2.4313,3.6469
2.4313,3.6469
3.6469,11.414
2.4313,1.2156
2.4313,4.851
3.6469,0
2.4313,4.851
2.4313,5.9405
0,1.2156
0,4.851
0,4.851
2.4313,1.2156
2.4313,4.1012
5.9405,7.0644
7.7935,8.8017
5.8603,7.0644
8.7931,0
4.6446,8.1539
11.067,8.8017
5.8603,5.7059
8.1539,14.691
11.067,5.7059
13.143,3.9854
8.1539,0
3.2914,0
2.2134,8.0751
4.6446,3.9854
0,0
7.7935,0
3.9664,0
4.6446,8.0751
11.546,8.8017
6.5827,7.0644
4.6446,14.691
11.067,3.9854
4.6446,3.9854
7.7935,8.8017
5.8603,3.9854
8.7931,7.0644
3.429,8.8017
11.546,5.7059
5.8603,7.0644
7.7935,14.691
5.8603,9.7135
3.901,0
7.2823,6.5942
13.548,13.143
13.548,17.397
3.2914,18.627
4.4961,3.2914
7.9963,6.5942
13.143,13.143
5.9829,13.143
13.143,9.7135
4.4961,3.2914
7.2823,5.9829
9.7135,18.627
4.4961,6.5942
4.4961,6.5942
4.4961,6.9175
4.4961,6.9175
9.1172,3.2914
11.417,0
10.26,16
6.9175,3.2914
8.9766,0
10.26,5.1981
4.4961,6.9241
9.1172,6.5942
4.0139,0
3.2914,7.276
7.9963,6.5942
10.763,10.26
7.9963,6.1658
4.0024,7.6378
3.4437,11.067
3.4437,15.888
5.1892,5.2066
3.4437,5.2066
3.4437,11.067
3.4437,0
3.4437,2.0757
5.1892,2.0757
3.4437,11.067
3.3028,2.0757
5.1892,7.6378
7.2217,5.2066
9.213,6.4222
7.2217,11.067
5.1892,7.6378
8.3213,14.661
9.4494,6.4222
5.1892,11.067
3.4437,3.8912
1.9381,3.3028
2.0757,3.8912
3.4437,11.067
3.4437,11.067
11.067,5.1892
2.0757,11.067
3.4437,5.1892
3.4437,11.067
3.4437,3.3028
1.9381,3.0505
3.4437,0.9748
3.0276,11.8
3.0276,3.8295
3.0276,0.9748
3.0276,4.4805
6.663,0.9748
10.092,10.092
0,3.8295
6.663,6.663
6.663,6.663
6.663,12.893
10.092,14.094
3.0276,6.663
3.0276,14.094
0.96333,0.9748
3.0276,4.2318
3.4437,15.225
0.96333,6.663
0.96333,3.0505
0.96333,14.094
3.0276,6.663
3.4437,3.4405
4.2318,3.8295
0.96333,3.8295
0.96333,3.8295
3.0276,3.8295
6.663,4.4805
4.4805,3.8295
3.3028,6.663
6.663,3.2684
2.0643,3.4437
0.9748,14.604
0.9748,5.6997
2.0643,5.6997
2.0643,13.579
0.9748,9.1287
2.0643,5.6997
2.0643,5.6997
2.0643,5.6997
2.0643,7.7198
0,3.8949
2.0643,7.7198
2.0643,7.7198
2.0643,3.4437
2.0643,3.4437
5.6997,3.4437
4.0139,3.4437
0,3.3028
0,4.0139
2.0643,9.1287
0,5.6997
0,3.8949
0,5.1908
0,5.6997
0,9.1287
3.8295,3.4405
0.9748,3.8949
0.9748,5.6997
2.0643,6.5875
0.9748,0.9748
0,3.3028
1.9381,8.1539
0,4.7249
0.9748,2.9129
0,14.015
0,3.3028
0.9748,2.2936
4.4038,2.9129
0.9748,10.487
0.9748,4.4038
0,4.4038
2.9129,13.109
6.7969,3.4779
2.9129,4.7249
1.9381,4.7249
8.1539,2.9129
6.7969,2.9129
1.9381,3.3028
1.9381,8.1539
8.1539,3.3028
0,2.2936
2.9129,3.4779
4.4038,3.4437
6.7969,14.015
0,13.109
4.4038,4.7249
1.9381,3.3028
0,4.7249
0,3.3028
0,2.0643
3.6354,3.3028
2.0643,3.8949
2.0643,3.3028
2.0643,3.8949
2.0643,7.0644
3.6354,2.4198
2.0643,13.411
0,4.9117
2.0643,3.6354
2.0643,1.2042
2.0643,13.411
2.0643,3.6354
2.0643,3.4779
2.0643,3.6354
2.0643,3.8949
2.0643,2.4198
5.1892,13.411
0,1.2042
0,5.1892
2.0643,1.2042
2.0643,7.0644
2.0643,7.0644
2.0643,1.2042
0,1.2042
0,3.5155
1.0895,1.2042
0,4.9117
0,3.6354
2.0643,3.6354
0,1.2042
5.8602,5.8602
2.4313,12.242
2.4313,4.6467
2.4313,6.1658
1.2042,2.4313
2.4313,11.749
3.5155,13.527
3.5155,5.2066
4.9202,13.527
4.9202,13.527
2.4313,6.1658
2.4313,3.5155
1.2042,5.8602
2.4313,12.242
3.3028,13.527
3.2684,13.527
1.2042,5.8602
0,12.242
1.2042,6.1658
1.2042,6.1658
2.4313,4.9202
2.4313,5.8602
2.4313,2.4313
2.4313,12.817
0,12.817
6.7213,2.4313
12.242,2.4313
12.242,12.817
6.7213,12.817
12.135,4.6446
1.2156,4.6446
4.4841,4.6446
1.2156,11.936
4.4841,1.2156
4.4841,12.309
1.2156,5.5692
1.2156,5.5692
7.2217,6.4222
1.2156,4.6446
6.4222,1.2156
1.2156,1.2156
5.4474,4.6446
1.2156,1.2156
4.4841,12.309
2.4198,1.2156
4.6446,11.749
2.4198,1.2156
4.6446,4.0944
4.4841,5.5692
3.5093,4.0944
4.6446,7.2217
4.4841,11.936
1.2156,4.0944
1.2156,11.936
1.2156,1.2156
1.2156,12.309
4.4841,4.6446
4.6446,4.6446
7.2217,11.904
4.4841,11.904
8.3213,11.904
8.3213,3.429
8.3213,1.2156
5.6997,0
5.6997,0
4.7249,1.2156
4.7249,0
4.7249,14.977
4.7249,6.5875
8.3213,11.904
4.753,11.904
4.7249,1.2156
4.753,1.2156
6.663,11.904
4.7249,8.3213
5.6997,9.7135
8.3213,0
8.3213,4.9117
8.3213,2.4313
2.4313,11.904
4.753,2.4313
4.7249,2.4313
8.3213,0
4.7249,11.904
8.3213,11.749
8.3213,14.977
8.3213,11.749
8.3213,11.904
3.3028,5.8687
8.3213,5.8687
9.4494,11.612
9.4494,5.8687
8.8534,3.6469
0,2.4313
8.8534,11.612
9.4494,1.2156
0,2.2134
8.8534,10.929
9.4494,5.8687
9.4494,5.8687
9.4494,11.612
9.4494,5.8687
9.4494,2.4313
9.4494,9.4494
9.4494,9.4494
9.4494,5.8687
9.4494,11.612
9.4494,7.0389
9.4494,4.9202
9.4494,12.764
9.4494,3.5194
9.4494,5.8687
9.4494,5.8687
9.4494,3.6469
9.4494,3.5194
9.4494,3.6469
9.4494,11.612
9.4494,2.2134
9.4494,3.429
9.4494,11.399
7.0644,7.7984
11.067,7.7984
11.067,7.7984
13.548,3.429
11.549,14.704
8.1539,7.7984
7.0644,14.704
8.1539,5.8602
8.1539,3.429
10.092,11.399
8.1539,14.704
8.1539,13.143
5.8602,7.7984
11.549,7.7984
9.1287,11.894
8.1539,7.7984
10.092,3.429
11.067,9.7078
11.549,14.25
10.092,7.7984
10.092,3.429
11.549,13.143
8.1539,0
10.092,9.7078
10.092,11.399
11.549,7.7984
2.2134,9.7078
11.549,11.399
5.8602,9.7651
8.1539,9.7651
8.108,9.7651
9.7136,3.0506
4.0139,5.9893
4.0139,6.0781
15.442,15.442
15.442,15.442
12.838,9.1131
4.0139,11.945
8.6475,11.945
4.0139,11.945
15.442,15.442
13.143,15.442
13.548,6.0781
15.442,13.551
15.442,8.6475
5.2054,8.6475
15.442,13.551
8.6475,11.113
4.0139,11.113
9.305,11.945
6.0781,11.113
4.0139,11.113
13.781,11.945
13.781,6.0781
13.781,5.9893
6.0781,15.442
4.0139,4.0139
4.0139,8.108
8.6475,8.8749
12.838,12.193
8.8534,3.3028
8.3832,12.193
4.4038,12.193
0.9748,9.8685
1.9381,3.901
0,6.9132
0,3.3028
0,1.9381
0,4.4038
0,12.193
3.4437,8.3584
4.4038,4.0024
8.8749,3.3028
11.546,1.9381
2.9129,8.8749
0.9748,4.4038
8.8749,11.341
3.4437,12.193
8.3832,8.3584
10.56,8.3832
8.8749,1.9381
8.8749,1.9381
4.0024,8.3832
4.0024,3.3028
6.1658,8.3584
6.1658,10.56
4.0024,8.3584
0,8.3584
0.9748,8.6044
13.712,5.3681
0.96333,9.9976
0.96333,6.663
0.96333,3.4405
0.96333,0
12.938,9.9976
12.938,10.615
0.96333,10.615
3.0506,10.615
3.3028,12.938
9.9976,10.615
3.3028,9.9976
3.0276,8.6521
3.8295,11.504
0.9748,8.6044
3.8295,12.938
3.8295,3.0276
3.8295,9.3908
3.8295,5.3681
3.8295,9.3908
8.6521,11.504
8.6521,9.3908
3.8295,10.615
3.8295,3.8295
8.6044,0
8.6521,3.0506
10.709,7.8786
10.709,7.8786
12.938,11.504
3.8295,10.867
8.6044,12.202
9.0369,10.867
9.7039,3.4437
12.202,9.0369
8.6044,9.0369
10.867,9.0369
10.867,9.0369
10.867,12.202
9.7039,0
9.1287,12.202
10.867,10.867
8.6044,0
0,10.867
9.1287,0
10.867,10.867
8.9979,6.5875
10.867,0
9.7039,3.8295
10.867,8.9979
12.202,10.867
0,10.867
7.7198,9.0369
3.4405,10.867
9.0369,10.867
0,10.867
4.0139,10.867
6.9153,9.0369
6.9153,9.0369
0,9.5071
3.4405,8.6913
9.0369,3.4779
1.9381,8.3832
8.3832,8.6913
3.4779,1.0895
5.9766,9.6231
5.9405,6.7969
4.9887,3.3028
10.275,9.0881
10.275,8.3832
4.9887,1.0895
10.275,1.0895
8.3832,5.9405
3.8295,3.3028
5.9405,2.9129
10.275,1.0895
3.8295,3.3028
10.275,3.3028
8.3832,3.3028
5.9766,3.4779
5.9405,3.3028
8.3832,3.4779
3.4779,3.3028
8.3832,8.3832
8.3832,1.0895
8.3832,3.3028
8.6913,3.3028
3.4779,8.3832
5.9405,9.0881
3.8295,3.4779
2.9129,3.4779
4.4038,10.745
6.0781,7.7935
6.0781,8.4537
2.0643,4.9117
6.0781,7.7935
3.4779,3.4779
4.0024,0
4.0024,8.4537
5.1892,9.2897
3.4779,10.745
3.4779,2.0643
4.0024,3.0276
6.0781,10.745
9.2897,2.0643
3.4779,3.4779
3.4779,2.0643
6.0781,5.1892
4.0024,9.6856
6.0781,2.0643
4.851,0
4.0944,10.745
5.8687,7.7935
4.0944,9.1376
6.9121,9.6856
2.0643,7.7935
2.0643,7.7935
0,7.7984
4.851,10.745
4.0024,0
4.0024,8.3832
4.0944,4.6467
8.6913,3.2684
7.9916,3.6469
7.9916,8.6913
8.3832,10.89
7.9916,8.6913
7.9916,9.8685
3.6469,6.7213
3.6469,8.3832
3.6469,9.9948
3.6469,8.3832
4.9202,4.0211
8.6913,8.7287
2.2936,4.0211
3.3028,9.1421
3.2684,3.2684
8.4109,6.1658
8.4109,4.0211
8.4109,9.9948
7.9963,3.3028
4.6467,4.1012
7.2823,4.6467
7.2823,5.2066
3.2684,8.7287
3.2684,8.9979
5.2066,1.2042
1.2042,1.2042
3.6469,1.2042
7.2823,6.7213
3.6469,5.6926
3.6469,9.9976
0,4.4841
4.8191,4.4841
4.1012,8.4979
4.1012,4.8191
4.1012,4.8191
2.4313,4.4841
2.4313,4.4841
9.1131,4.8191
2.4313,9.3341
4.1012,4.8191
4.8191,2.4198
0,9.0881
4.1012,10.56
6.4222,8.7287
4.1012,4.8191
4.8191,4.8191
9.1131,2.4198
6.4222,8.7287
6.3705,4.4841
6.4222,5.5692
4.1012,5.5692
9.1131,5.5692
3.5194,7.2217
4.1012,4.8191
4.1012,7.2217
4.1012,5.4474
7.2217,5.6926
4.1012,5.4474
4.1012,8.7287
4.1012,0
1.2156,5.6997
7.6378,3.6354
4.9117,3.6354
9.6231,5.6997
7.6378,3.6354
8.3213,0
5.7648,3.6354
8.3213,3.6354
5.7648,3.6354
5.6997,3.6354
11.341,3.6354
7.6378,3.6354
2.4313,3.6354
1.2156,3.6354
2.4313,3.6354
2.4313,9.6231
1.2156,4.1012
1.2156,5.6997
2.4313,4.753
2.4313,8.7927
1.2156,4.753
1.2156,8.3213
1.2156,8.7287
1.2156,4.1012
1.2156,8.7927
7.6378,3.6354
1.2156,0
1.2156,8.7287
1.2156,3.9759
2.4313,12.193
3.3028,6.7969
3.3028,8.3936
3.3028,4.851
3.3028,3.5194
3.5194,3.9664
3.3028,4.851
3.3028,10.275
3.3028,8.3936
3.5194,10.275
3.3028,3.9664
3.3028,12.193
3.3028,6.7969
3.3028,7.8786
5.8687,8.3832
3.3028,4.851
3.3028,10.275
3.3028,10.929
3.3028,8.7287
3.3028,6.7969
5.8687,8.3832
3.3028,13.601
3.3028,6.7969
3.3028,6.9153
3.3028,4.851
3.3028,6.9153
3.3028,6.7969
3.3028,6.9153
4.9202,6.7969
3.3028,4.753
3.5194,15.442
10.615,8.6816
9.1287,8.6816
10.092,12.882
11.703,8.108
8.7931,8.108
8.1539,10.238
10.092,8.6816
10.615,8.108
11.703,9.5939
3.3028,8.108
11.703,6.7213
8.6816,8.6816
12.882,8.6816
11.546,9.6638
3.3028,8.6816
3.9854,8.6816
7.8032,8.6816
13.551,8.6816
13.551,9.1287
3.9854,13.89
10.238,8.6816
11.703,8.6816
2.2134,8.6816
2.2134,9.5939
11.703,8.6816
10.238,8.6816
2.2134,6.7213
11.546,10.238
2.2134,12.057
8.6816,12.057
3.8912,7.1284
4.9887,4.9887
5.1908,4.8052
12.057,7.1284
10.929,13.993
9.7136,11.414
10.929,7.1284
10.967,11.414
4.0139,11.414
3.3028,5.4987
5.4987,4.8052
4.0139,4.8052
5.1908,4.8052
4.8052,4.8052
12.057,4.9887
4.9887,4.8052
5.4987,4.0139
9.9067,6.5942
9.9067,4.9887
8.8859,0
12.057,4.8052
2.0758,11.414
4.0139,8.8859
12.057,8.8859
12.057,8.8859
11.414,4.8052
3.3028,8.8859
3.3028,4.9887
7.1284,7.2745
4.8052,5.0804
11.067,5.0804
2.9129,2.9129
3.3028,5.8562
3.8295,5.8562
3.8295,7.2745
7.6378,5.8562
2.9129,5.8562
3.3028,2.9129
2.9129,5.0804
5.8562,5.0804
5.8562,0
9.1731,5.8562
3.3028,0
3.4437,2.9129
11.067,7.2745
7.6378,2.9129
3.3028,7.2745
3.4437,5.8562
5.8562,0
2.9129,0
0,0
11.067,5.8562
9.4494,5.2238
2.0758,2.9129
9.4494,5.8562
10.208,5.8562
5.1892,2.9129
7.2745,5.8562
10.208,3.3028
2.9129,10.092
3.0506,0.9748
8.5429,9.3746
8.5429,0.9748
1.9381,5.9141
4.4805,11.173
5.3681,5.9141
0.96333,5.682
1.9381,5.1709
0.96333,5.1731
5.4375,6.612
4.4805,6.612
0.96333,6.612
1.9381,5.4375
0,6.612
10.092,6.612
0,0.9748
8.5429,6.612
7.8786,9.3746
0,6.612
5.3681,6.612
8.5429,11.173
3.4437,0.9748
3.4437,9.3746
3.3028,6.612
7.8786,7.8786
1.9381,5.1731
6.663,0.9748
4.4805,6.612
0.96333,0.9748
0,0.9748
5.1731,5.1731
5.2054,6.041
7.6636,5.1731
0.9748,5.1731
3.3028,6.9153
3.8295,5.1731
7.6636,5.1731
0.9748,0.9748
0.9748,6.7762
1.9381,5.4375
3.3028,8.5809
0.9748,1.9381
5.4375,0.9748
0.9748,9.1287
0.9748,5.4375
3.8295,6.041
3.3028,6.041
1.9381,6.041
0.9748,5.4375
5.2054,5.4375
4.0139,5.4375
0.96333,6.2523
5.6997,6.7762
5.6997,5.4375
3.8949,5.4375
4.6467,8.5809
4.6467,8.5809
5.6997,6.041
5.6997,3.5093
3.2684,5.8562
3.4437,4.7249
5.9893,7.8167
2.9129,7.8167
4.9887,0
5.8562,6.9185
5.9893,7.8167
6.7969,5.5742
6.7969,2.9129
0,5.5742
4.9887,5.5742
6.1746,5.0804
0.9748,5.8562
3.8295,5.0804
6.9185,5.0804
4.9887,5.8562
5.8562,5.8562
5.9893,0
5.8562,5.5742
5.0804,5.5742
0.9748,5.0804
7.8167,6.7969
0.9748,0
3.4437,0
3.4437,5.1959
0.9748,0
6.7969,0
0.9748,0.9748
0.9748,0.9748
3.4779,7.741
3.4437,4.0024
2.0643,0
6.4676,2.0643
1.0895,3.6354
6.4676,4.851
6.4676,0
1.0895,6.4676
3.6354,1.0895
1.0895,7.0245
3.6354,7.0644
3.6354,6.4676
4.851,6.4676
3.6354,8.5373
5.1959,8.5373
3.6354,8.5373
4.851,8.5373
6.0781,7.0245
1.2042,8.5373
5.1959,5.2212
6.4676,8.5373
4.851,6.4676
1.2042,5.2212
6.4676,6.4676
5.1959,5.1959
1.0895,6.4676
1.2042,7.0644
1.2042,2.0643
3.6354,2.0643
3.6354,1.0895
3.6354,1.2042
3.6354,2.2936
1.2042,6.041
7.2745,5.2212
0,5.2212
7.2745,5.0804
4.2318,5.0804
7.2745,5.0804
8.7184,7.5711
5.8603,5.0804
5.0804,15.075
7.2745,5.0804
0,2.2936
0,2.2936
5.5742,5.5742
1.2042,5.0804
5.5742,5.0804
5.0804,5.2066
8.7184,5.0804
6.612,5.0804
7.2745,1.2042
1.2042,5.0804
6.612,1.2042
3.2684,5.5742
1.2042,0
1.2042,4.6467
7.2745,5.2066
2.4313,0
0,5.3681
1.2042,7.2823
1.2042,1.2156
0,1.2156
1.2156,2.4313
2.4313,6.1746
1.2156,1.2156
1.2156,2.4313
2.4313,2.4313
1.2156,1.2156
1.2156,2.4313
2.4313,2.4313
1.2156,6.1746
1.2156,2.4198
1.2156,1.2156
1.2156,8.1887
2.4313,6.1746
3.3028,1.2156
1.2156,1.2156
1.2156,2.4313
6.1746,1.2156
3.3028,6.1746
2.4313,1.2156
1.2156,3.5093
1.2156,8.1887
1.2156,1.2156
1.2156,1.2156
1.2156,2.4198
1.2156,6.3705
2.4313,10.2
2.4313,1.2156
2.4313,1.2156
2.4313,1.2156
2.4313,2.4313
1.2156,0
1.2156,2.4313
3.5194,4.7249
3.5194,4.7249
0,1.2156
0,0
0,6.9379
3.5194,5.6322
4.1012,1.2156
0,3.6354
0,0
2.4313,1.2156
1.2156,1.2156
0,1.2156
1.2156,1.2156
1.2156,0
1.2156,1.2156
1.2156,1.2156
2.4313,1.2156
1.2156,1.2156
0,4.7249
2.4313,1.2156
2.4313,1.2156
2.4313,1.2156
2.4313,4.7249
2.4313,7.6378
2.4313,1.2156
2.4313,7.4367
1.2156,6.2538
2.4313,5.28
10.929,5.0804
9.4494,5.0804
4.1012,5.9405
2.4313,5.9405
2.4313,8.5429
2.4313,5.8687
1.2156,5.0804
3.6469,7.6636
0,5.9405
0,5.9405
0,5.9405
1.2156,5.9405
0,5.9405
0,6.2538
7.8167,1.2156
7.8167,7.8167
7.8167,11.934
7.8167,5.28
0,11.934
5.8687,10.208
8.5429,10.208
7.6636,11.934
7.8167,5.9405
4.851,7.8167
5.8687,7.8167
10.208,7.8167
6.2538,7.8167
7.8167,7.8167
7.8167,5.5521
7.8167,11.067
2.2134,5.5521
9.6132,7.7633
9.6132,9.1287
9.6132,4.8052
10.615,9.1287
9.6132,9.1287
9.6132,4.8052
10.615,4.8052
11.304,4.8052
13.993,4.8052
10.615,4.8052
3.429,7.7633
5.5521,5.5521
7.7935,12.182
7.7935,12.182
0,4.8052
3.3028,4.8052
6.892,4.8052
7.7633,13.993
9.6132,7.7633
10.092,7.7633
12.182,13.993
10.092,7.7633
10.092,13.993
6.892,4.8052
5.5521,14.704
10.092,5.5521
0,5.5521
10.615,6.9185
7.7935,0
2.0954,13.143
2.0954,10.933
2.0954,10.933
7.2879,17.994
2.0954,10.933
9.0369,8.5028
8.108,2.0954
4.9969,8.5028
4.9969,0
4.9969,13.143
4.9969,8.5028
2.0954,0
6.9185,10.933
6.0849,13.143
4.9969,10.933
5.2238,17.994
5.2238,13.143
5.2238,17.994
8.108,17.994
5.2238,13.143
8.108,13.143
4.9969,13.143
6.9185,10.933
2.0954,10.933
2.0954,8.5028
2.0954,7.2879
0,6.9185
0,7.2879
0,5.2066
0,5.2066
10.208,5.8562
8.3832,5.2066
5.0804,5.2066
5.0804,5.2066
5.0804,2.0954
5.4375,2.9129
0,0.9748
2.0954,2.9129
8.6044,5.2066
8.6044,2.9129
11.071,2.9129
8.6044,5.2066
8.6044,2.0954
8.6044,2.0954
0,2.0954
8.6044,2.0954
8.6044,2.0954
8.6044,2.0954
8.6044,2.0954
0,5.2066
8.6044,2.0954
0,5.2066
8.6044,11.071
8.6044,5.2066
8.6044,5.2066
8.6044,5.2066
8.6044,0
0,5.2066
5.4375,0.9748
5.0804,5.4474
5.1731,4.2318
5.4375,7.8786
5.4375,4.2318
1.9381,1.9381
0.9748,1.9381
11.504,0.9748
1.9381,0.9748
8.4384,3.064
0.9748,0.9748
11.304,3.064
0.9748,3.064
1.9381,4.2318
0.9748,5.4375
4.2318,3.064
0.9748,7.8786
4.2318,1.9381
4.2318,4.2318
4.2318,7.8786
0.9748,3.064
1.9381,4.2318
1.9381,4.2318
1.9381,5.9141
0.9748,4.2318
11.504,7.8786
5.4375,3.064
0.9748,4.2318
0.9748,4.2318
0.96333,4.2318
0.9748,0
8.4384,3.2684
0,5.1731
1.9381,6.9153
5.0804,3.2684
7.6352,1.9381
0.9748,6.9153
8.5809,6.9153
6.041,6.9153
8.5809,6.9153
0.9748,9.1332
8.5809,9.1332
0.9748,4.4841
7.6352,6.9153
0.9748,4.0241
8.5809,4.0241
6.7762,9.1332
8.5809,9.1332
8.5809,4.0241
0.9748,3.2684
8.5809,3.2684
10.867,6.9153
10.453,9.1332
0.9748,6.9153
8.5809,3.2684
0.9748,4.0241
0.9748,9.1332
0.9748,3.2684
6.4837,3.2684
0.9748,9.1332
6.4837,2.2936
6.4837,2.2936
7.8167,4.9969
7.8167,3.5093
6.9379,8.1589
7.8167,4.9969
6.9379,4.9969
7.1284,5.9405
9.6132,4.9969
7.8167,2.2936
7.8167,4.9969
5.0804,2.9129
2.9129,4.9969
8.4537,3.5093
10.275,8.1589
0,2.2936
5.5742,3.5093
5.0804,8.1589
2.9129,3.5093
5.5742,3.5093
7.8167,4.9969
5.1959,2.2936
6.1746,4.7249
10.275,4.9969
3.5093,5.9405
6.9379,2.2936
5.9405,4.9969
3.5093,4.9969
5.1959,4.9969
2.9129,2.2936
5.1959,6.0849
5.1959,4.851
5.0804,1.2042
1.0895,4.851
7.0245,6.0849
7.9291,4.851
4.0024,3.0276
5.2212,2.0643
1.0895,2.0643
5.0804,0
5.2212,2.0643
5.2212,2.0643
5.2212,2.0643
6.4676,0
6.2471,7.0702
6.2471,7.0702
4.0024,4.851
6.2471,1.2042
8.7082,7.0702
4.0024,5.1959
4.0024,2.0643
5.4838,28.837
1.2042,7.0702
4.0024,6.0849
1.2042,7.0702
5.0804,6.0849
5.0804,6.0849
6.2471,4.851
4.0024,6.0849
1.2042,4.851
5.4838,0
4.0024,1.2042
5.5742,3.6469
6.2538,3.2684
8.8859,5.5742
8.8859,5.5742
6.2538,1.2042
5.2066,1.2042
2.2936,7.2745
2.2936,7.2879
7.2879,7.2879
11.113,5.8672
5.2066,0
6.2538,7.2879
2.2936,7.2745
11.113,2.4313
11.113,5.8672
2.2936,2.4313
5.2238,5.5742
5.2066,2.4313
5.2066,2.4313
5.2066,2.4313
6.612,5.5742
5.5742,2.4313
11.909,1.2042
2.2936,2.4313
11.909,1.2042
5.2066,2.4313
2.2936,5.5742
5.5742,7.2879
7.2879,2.4198
5.2066,11.945
5.6322,4.6535
6.4222,1.2156
5.6322,6.1746
6.7762,4.6535
6.7762,3.5093
5.6322,4.4841
5.2238,5.4474
5.6322,5.4474
5.6322,2.4198
5.6322,5.4474
5.6272,6.4222
5.6322,8.5028
5.6322,5.4474
5.2238,6.4222
6.7762,4.6535
8.1887,4.6535
8.1887,9.5939
6.1746,8.5028
8.1887,1.2156
9.9067,1.2156
5.6272,8.7287
3.5093,8.7255
3.5093,3.5093
11.945,8.7287
6.4222,8.5028
6.4222,1.2156
5.2238,8.7255
6.1746,3.5093
6.7762,7.6378
6.7762,1.2156
4.7249,3.441
5.2238,3.441
10.967,3.441
6.2471,1.2156
5.2238,1.2156
1.2156,3.441
5.6322,3.441
4.7249,3.441
6.2471,3.441
5.2238,3.441
4.7249,9.7178
5.6322,3.441
6.2471,3.441
5.2238,3.441
6.2471,3.441
4.7249,3.441
5.2238,3.441
5.2238,3.441
6.2471,3.441
5.2238,1.2156
4.7249,9.7178
5.2238,7.6378
4.7249,1.2156
5.6322,2.4313
6.2471,1.2156
5.6322,20.701
5.6322,1.2156
5.2238,3.441
4.7249,3.6469
5.6322,10.933
7.0245,0
5.0804,10.208
12.193,7.8167
12.057,5.9405
5.9405,10.933
0,3.6469
12.193,3.6469
5.5521,10.933
8.3832,7.8167
5.9405,0
13.781,2.2319
5.0804,0
8.8534,5.9405
8.8534,10.933
13.781,0
13.781,7.8167
10.933,0
13.781,2.2319
5.0804,2.2319
12.057,2.2319
8.8534,2.2319
5.9405,10.933
13.781,8.8534
5.9405,0
5.9405,0
12.057,0
13.781,10.933
9.3746,2.2319
13.781,0
5.9405,11.071
3.441,2.2319
4.6535,11.071
13.143,0
11.071,0
13.143,0
4.6535,0
9.4586,0
13.143,0
8.1589,13.143
11.071,0
8.1589,0
6.6747,13.143
15.442,0
8.1589,0
11.071,4.6535
11.071,0
9.4586,0
13.143,0
15.442,12.202
8.1589,0
11.071,0
12.06,13.143
12.938,0
8.1589,13.143
8.1589,12.202
11.071,0
8.1589,0
8.1589,0
